path,task_index,msg_id,batch_id,msg_sent_to_src_chain,msg_received_on_timechain,msg_sent_to_dest_chain,msg_completed_on_timechain
1-0,0,584cd008dd3808cfef94094aaa6de51f7ae4f835d8ce5df28bf8c8888b6ebb43,73,5631,5646,5674,5674
1-0,7,8d0cd2c40645d239ac5d09faafdba6971eb7b3d8d4154cfcdb281cf63fa31b40,74,5649,5668,5696,5696
1-0,8,04302bd65a4089da5f8ca283c79796f673e0db3a9cf89c67ac232a1d8bb804ce,74,5653,5668,5696,5696
1-0,2,a07e1844647edf1369f0125aa62ec3e10af264c1df7e2078129389eb0733bda4,74,5636,5668,5696,5696
1-0,1,0a045bf7c18db2a3a9e67678b036188c8cfdcd555ba33fc8cfef983230de1716,74,5632,5668,5696,5696
1-0,3,7b646c4ac80f0d072fb901869e12dad4f171d3fcb441f8f22a7f6dec83a1f6a0,74,5638,5668,5696,5696
1-0,4,5b91a37715e4dcd6cc9509b14f214dda7e3fd3dc642f9d2ff939f92e770d1fbb,74,5642,5668,5696,5696
1-0,6,6d88cb74f85c5dee75bb8ed6ecb477f700736dae5c7eaf5b83cccd1bd8118a72,74,5648,5668,5696,5696
1-0,5,b023032f12021b5dd44d0b92b2b46f1de9fccb00a4985b2369f4a9b57c7c7161,74,5643,5668,5696,5696
1-0,9,35be9f308901dae93b88d2b51cddf7feeffe630985d918f01fb15b7e36f8ae5e,75,5654,5691,5719,5719
0-1,0,de24ea8c2e064d584e908b0d018515a32a1291079a6974e7e84aac206e47a100,76,5719,5741,5758,5758
0-1,1,bcb6d1cc63b031866039c0fd87f0d730323e600805c772b2217d628b11acc4d9,76,5722,5741,5758,5758
0-1,2,96762c6de53687f955e375a700634a07eceae917fbcebe13be89ae40e0d353f6,76,5727,5741,5758,5758
0-1,3,b26a58d124d6a1c2f42d98eb61f807339c8170e7fcee77e79cd950b20e911d3a,77,5728,5765,5781,5781
0-1,4,1b6803850d32ad3c48a188cea9baf7693b587642c55110061924a2375a5504e9,77,5732,5765,5781,5781
0-1,6,d27e6a12142ca3f962b1128a86b8a3a362ac46d670f60055223a5afe70237203,77,5738,5765,5781,5781
0-1,9,39d7b4c2c2a0bf64373a1790423ccd3fd72de74eac8ae092aac109cf75c534dc,77,5745,5765,5781,5781
0-1,8,130621d7b13029352de9460f4477d58b99f3dafed9457e623d30b614c6a70988,77,5744,5765,5781,5781
0-1,5,82ad4c557edacc61aaa33bfc3acd611ade29809bb5cb8d47b5488d9c5143a801,77,5733,5765,5781,5781
0-1,7,de785da65b669bd26a08ab5ac90174d7afa213f54e8bc5cddad001d14b13de12,77,5739,5765,5781,5781
